city_id,city,country,date_time,latitude,longitude,temperature (F),humidity (%),cloudiness (%),wind speed (mph)
3833367,Ushuaia,AR,1597379478,-54.8,-68.3,30.2,92,75,5.82
2264557,Ponta do Sol,PT,1597379675,32.67,-17.1,71.6,68,40,11.41
3691582,Talara,PE,1597379656,-4.58,-81.27,63.45,87,64,14.47
3672290,Piedras,CO,1597380065,4.54,-74.88,77.0,74,100,0.6
964712,Plettenberg Bay,ZA,1597380065,-34.05,23.37,49.98,74,2,4.72
7281807,Seddon,AU,1597380065,-37.81,144.89,61.0,93,90,2.24
5557293,Sitka,US,1597379660,57.05,-135.33,57.2,71,90,3.36
4030556,Rikitea,PF,1597379646,-23.12,-134.97,70.43,68,0,9.48
3372745,Rabo de Peixe,PT,1597380066,37.8,-25.58,69.8,83,75,1.12
3424607,Tasiilaq,GL,1597380039,65.61,-37.64,44.6,42,0,14.99
5122534,Jamestown,US,1597379646,42.1,-79.24,71.6,56,1,10.29
3366880,Hermanus,ZA,1597379648,-34.42,19.23,39.0,95,3,9.93
1684245,Tagusao,PH,1597380066,9.19,117.81,84.72,67,28,5.26
5855927,Hilo,US,1597379412,19.73,-155.09,80.6,69,90,5.82
6170031,Tuktoyaktuk,CA,1597379656,69.45,-133.04,51.8,76,75,6.93
6165406,Thompson,CA,1597379697,55.74,-97.86,57.2,100,75,2.24
5848280,Kapaa,US,1597379660,22.08,-159.32,82.4,69,20,12.75
3174050,Province of Mantua,IT,1597380067,45.17,10.78,71.01,89,0,1.99
3356832,Henties Bay,NA,1597380067,-22.12,14.28,53.01,95,0,3.0
5880054,Barrow,US,1597379808,71.29,-156.79,46.4,87,75,11.41
6355222,Yulara,AU,1597379669,-25.24,130.99,69.8,26,0,5.82
934322,Mahébourg,MU,1597379666,-20.41,57.7,69.8,83,40,5.82
546105,Nikolskoye,RU,1597379661,59.7,30.79,55.99,71,25,2.3
547871,Kizema,RU,1597380068,61.11,44.83,55.22,67,48,2.33
3471451,Arraial do Cabo,BR,1597380068,-22.97,-42.03,71.47,86,0,24.16
4032243,Vaini,TO,1597379649,-21.2,-175.2,73.4,88,75,12.75
5866583,Saint Paul Harbor,US,1597379656,57.79,-152.41,53.26,82,1,3.56
707296,Izyaslav,UA,1597380068,50.12,26.82,56.64,78,0,5.48
5983720,Iqaluit,CA,1597379682,63.75,-68.51,46.4,75,75,2.24
1015776,Bredasdorp,ZA,1597379665,-34.53,20.04,46.4,81,0,9.17
3694112,Paita,PE,1597380069,-5.09,-81.11,62.42,88,51,9.6
5735537,La Grande,US,1597380069,45.32,-118.09,60.8,36,1,5.82
3874787,Punta Arenas,CL,1597379647,-53.15,-70.92,24.8,85,0,6.93
556268,Ostrovnoy,RU,1597379697,68.05,39.51,49.06,73,81,10.07
2178753,Kirakira,SB,1597379712,-10.45,161.92,82.18,79,100,10.8
3984997,San Quintín,MX,1597379706,30.48,-115.95,71.89,67,0,9.01
1529376,Korla,CN,1597380070,41.76,86.15,79.32,34,99,10.07
1640972,Katobu,ID,1597380070,-4.94,122.53,88.43,50,1,6.78
1853371,Ryōtsu-minato,JP,1597380070,38.08,138.43,82.4,88,75,4.7
4034551,Faanui,PF,1597379673,-16.48,-151.75,78.48,82,9,17.36
7671223,Kloulklubed,PW,1597379675,7.04,134.26,86.0,70,75,14.99
2308278,Mbini,GQ,1597380070,1.57,9.61,75.69,89,78,9.35
5870133,Nome,US,1597379821,64.5,-165.41,60.01,67,1,12.75
962367,Richards Bay,ZA,1597379685,-28.78,32.04,57.87,73,1,5.12
264260,Agía Galíni,GR,1597380071,35.1,24.68,82.0,44,0,3.0
1058080,Nosy Varika,MG,1597380071,-20.58,48.53,65.62,74,40,2.95
2055166,Sayansk,RU,1597380071,54.11,102.16,67.28,75,85,7.92
3831208,Qaanaaq,GL,1597379647,77.48,-69.36,33.94,89,79,4.45
5106841,Albany,US,1597379659,42.6,-73.97,71.01,71,0,3.47
2136825,Isangel,VU,1597380071,-19.55,169.27,72.48,68,19,14.5
3516171,Barra de Tecoanapa,MX,1597380071,16.52,-98.75,81.01,82,100,4.72
362973,Abnūb,EG,1597380072,27.27,31.15,75.2,57,0,11.41
5326297,Barstow,US,1597380072,34.9,-117.02,98.6,17,1,12.75
2032614,Baruun-Urt,MN,1597380072,46.68,113.28,71.58,48,27,11.59
3163146,Andenes,NO,1597380072,69.31,16.12,55.4,82,75,17.22
2156643,Mount Gambier,AU,1597379450,-37.83,140.77,53.6,93,75,11.41
257282,Melivoia,GR,1597380072,39.75,22.8,68.0,82,1,4.92
2012530,Zhigansk,RU,1597379706,66.77,123.37,52.56,57,58,21.09
157429,Kilindoni,TZ,1597379664,-7.91,39.67,76.21,71,7,11.83
3652764,Puerto Ayora,EC,1597379653,-0.74,-90.35,66.99,98,88,3.0
1006984,East London,ZA,1597379649,-33.02,27.91,48.2,66,0,5.82
1106677,Bambous Virieux,MU,1597379660,-20.34,57.76,73.0,83,40,5.82
80509,Al Bardīyah,LY,1597380073,31.76,25.09,77.86,78,0,14.05
1267390,Kavaratti,IN,1597380073,10.57,72.64,84.2,74,40,6.93
1486321,Yar-Sale,RU,1597380073,66.83,70.83,55.33,57,95,10.94
110690,Faya,SA,1597379687,18.39,42.45,69.8,68,30,6.02
3466165,Cidreira,BR,1597380055,-30.18,-50.21,58.59,95,74,4.83
5563839,Fortuna,US,1597379957,40.6,-124.16,55.99,81,1,1.79
2022572,Khatanga,RU,1597379672,71.97,102.5,61.09,41,0,16.08
3883457,Lebu,CL,1597379673,-37.62,-73.65,48.22,85,98,16.53
2112802,Hasaki,JP,1597379665,35.73,140.83,98.01,55,40,10.29
1651591,Amahai,ID,1597379669,-3.33,128.92,80.53,73,90,7.11
4031637,Lavrentiya,RU,1597380044,65.58,-171.0,54.05,63,93,8.66
4021858,Guerrero Negro,MX,1597379677,27.98,-114.06,72.18,64,0,13.76
6201424,Mataura,NZ,1597379651,-46.19,168.86,48.99,61,0,1.99
2110227,Butaritari,KI,1597379647,3.07,172.79,82.99,63,18,2.21
3985710,Cabo San Lucas,MX,1597379554,22.89,-109.91,84.99,79,1,4.0
4032369,Pangai,TO,1597379715,-19.8,-174.35,80.6,69,40,2.24
2206939,Bluff,NZ,1597379652,-46.6,168.33,48.99,61,0,1.99
2017155,Saskylakh,RU,1597379655,71.92,114.08,53.4,50,38,7.2
4020109,Atuona,PF,1597380059,-9.8,-139.03,78.1,78,31,21.47
2134814,Sola,VU,1597380075,-13.88,167.55,79.02,82,2,19.22
1806445,Ji’an,CN,1597380075,27.12,114.98,94.28,51,43,11.45
2112309,Katsuura,JP,1597379678,35.13,140.3,98.01,70,20,5.82
779330,Kautokeino,NO,1597380075,69.01,23.04,53.08,85,86,1.48
2037485,Erenhot,CN,1597379712,43.65,111.98,80.92,32,0,6.85
6690297,Saint-Leu,RE,1597379695,-21.15,55.28,73.0,53,20,6.93
3430863,Mar del Plata,AR,1597379480,-38.0,-57.56,46.99,93,0,3.36
1808857,Hanzhong,CN,1597380076,33.07,107.03,75.04,91,100,2.77
608270,Shubarshi,KZ,1597380076,48.59,57.19,72.97,56,88,15.57
2070998,Geraldton,AU,1597380074,-28.77,114.6,66.2,63,75,8.05
964432,Port Alfred,ZA,1597379665,-33.59,26.89,51.4,74,0,5.28
2729907,Longyearbyen,SJ,1597379651,78.22,15.64,48.2,81,75,11.41
515805,Oktyabr'skoye,RU,1597380076,43.06,44.74,66.0,93,63,6.71
2212775,Sabha,LY,1597380077,27.04,14.43,76.1,36,0,8.25
2163355,Hobart,AU,1597379630,-42.88,147.33,61.0,72,75,11.41
3372783,Ponta Delgada,PT,1597379647,37.73,-25.67,69.8,83,75,1.12
3939761,Hualmay,PE,1597380077,-11.1,-77.61,58.42,85,77,7.7
3836669,San Rafael,AR,1597379831,-34.62,-68.33,47.05,44,81,1.12
1732826,Mersing,MY,1597380077,2.43,103.84,75.2,94,40,3.36
6325494,Québec,CA,1597380077,46.81,-71.21,69.01,59,20,6.93
1524606,Derzhavīnsk,KZ,1597380078,51.1,66.32,65.05,55,31,0.43
1060283,Maroantsetra,MG,1597380078,-15.43,49.73,68.5,82,93,1.81
3421719,Narsaq,GL,1597379702,60.92,-46.05,46.4,93,100,4.38
1688781,City of San Pedro,PH,1597380078,14.35,121.02,88.0,70,90,8.01
2996268,Manche,FR,1597380078,49.0,-1.17,66.2,93,100,9.17
5972291,Havre-St-Pierre,CA,1597380078,50.23,-63.6,62.6,88,1,9.17
1214488,Meulaboh,ID,1597379674,4.14,96.13,88.12,49,76,3.89
2075265,Busselton,AU,1597379655,-33.65,115.33,62.01,71,85,5.99
3443061,Chui,UY,1597379662,-33.7,-53.46,44.69,85,0,4.03
5924351,Clyde River,CA,1597380079,70.47,-68.59,41.0,100,90,4.7
6111862,Port Hardy,CA,1597379709,50.7,-127.42,59.0,87,90,0.72
3661894,Tonantins,BR,1597380079,-2.87,-67.8,74.21,94,74,1.05
2126199,Cherskiy,RU,1597379586,68.75,161.3,51.13,57,97,5.1
338554,Dubti,ET,1597380080,11.74,41.09,91.02,36,100,5.32
1024552,Xai-Xai,MZ,1597379659,-25.05,33.64,66.58,68,73,6.29
3369157,Cape Town,ZA,1597379463,-33.93,18.42,52.0,93,40,6.93
4529987,Bartlesville,US,1597380080,36.75,-95.98,78.01,100,1,7.18
2057087,Kupang,ID,1597379675,-10.17,123.58,91.4,43,75,9.17
1862505,Hirara,JP,1597380081,24.8,125.28,87.8,74,75,10.29
2138555,Poum,NC,1597379717,-20.23,164.02,71.26,64,0,9.6
4035715,Avarua,CK,1597379672,-21.21,-159.78,73.4,69,55,11.41
2012956,Yerbogachën,RU,1597379711,61.28,108.01,59.85,42,0,13.27
1151253,Phuket,TH,1597380081,8.0,98.25,84.2,83,75,5.82
3448903,São João da Barra,BR,1597379705,-21.64,-41.05,71.69,81,0,19.1
1819729,Hong Kong,HK,1597379411,22.29,114.16,88.0,66,1,11.99
2270385,Camacha,PT,1597379704,33.08,-16.33,69.8,77,20,6.93
2685750,Östersund,SE,1597379710,63.18,14.64,57.2,93,51,10.29
2347758,Bara,NG,1597380082,10.37,10.73,72.72,95,100,5.79
305810,Kula,TR,1597380082,38.55,28.65,75.0,78,0,5.99
3393692,Itarema,BR,1597380082,-2.92,-39.92,79.0,75,55,19.13
3416888,Grindavik,IS,1597380082,63.84,-22.43,46.4,93,75,12.75
3871336,Santiago,CL,1597379842,-33.46,-70.65,46.99,81,51,8.05
3382160,Cayenne,GF,1597379966,4.93,-52.33,75.2,100,11,1.12
2126123,Chokurdakh,RU,1597379653,70.63,147.92,41.34,69,100,5.23
1637001,Biak,ID,1597380076,-0.91,122.88,83.19,59,76,6.93
1168312,Pasni,PK,1597380083,25.26,63.47,83.01,80,99,4.85
2027044,Batagay,RU,1597380049,67.63,134.63,47.17,60,100,12.66
1254390,Tiruchchendur,IN,1597380083,8.48,78.12,89.6,52,20,11.41
380348,Abū Zabad,SD,1597379715,12.35,29.25,74.64,85,4,10.76
3692020,Saquena,PE,1597380083,-4.67,-73.52,74.07,95,81,2.15
986717,Kruisfontein,ZA,1597380049,-34.0,24.73,43.3,83,0,4.52
586320,İstisu,AZ,1597380083,40.95,48.07,73.4,64,90,5.82
2092164,Lorengau,PG,1597380061,-2.02,147.27,79.61,85,100,10.94
1215502,Banda Aceh,ID,1597380084,5.56,95.32,87.04,58,81,7.11
6185377,Yellowknife,CA,1597379407,62.46,-114.35,59.0,72,75,5.82
2448083,Agadez,NE,1597380084,19.75,10.25,88.81,26,70,3.53
3355672,Lüderitz,NA,1597379670,-26.65,15.16,60.35,38,0,8.03
779683,Hammerfest,NO,1597380084,70.66,23.68,50.0,100,90,8.05
3423146,Ilulissat,GL,1597379667,69.22,-51.1,39.2,64,98,3.36
4355274,Forestville,US,1597380084,38.85,-76.88,75.99,100,1,4.7
4513583,Hamilton,US,1597380080,39.18,-84.53,77.0,88,1,5.59
2015306,Tiksi,RU,1597379673,71.69,128.87,40.08,80,100,14.14
933734,Gweta,BW,1597380085,-20.18,25.23,54.18,29,4,8.95
3868707,Valdivia,CL,1597380085,-39.81,-73.25,44.6,93,87,5.82
1624725,Tarakan,ID,1597380085,3.3,117.63,83.01,75,8,2.37
934479,Grand Gaube,MU,1597379650,-20.01,57.66,73.0,72,14,5.99
3461013,Irecê,BR,1597380086,-11.3,-41.86,64.06,85,18,12.44
2367660,Badou,TG,1597380086,7.58,0.6,70.41,90,100,1.86
1235846,Matara,LK,1597380038,5.95,80.54,84.47,68,54,13.42
4013679,Coahuayana Viejo,MX,1597380086,18.73,-103.68,78.51,79,97,2.84
5392593,San Ramon,US,1597379829,37.78,-121.98,82.4,26,1,4.7
6138802,Saint-Michel-des-Saints,CA,1597380086,46.68,-73.92,66.0,7,14,3.36
1649150,Bengkulu,ID,1597380087,-3.8,102.27,85.12,58,94,5.64
1515029,Ulaangom,MN,1597380087,49.98,92.07,73.15,35,71,4.32
3372472,Vila Franca do Campo,PT,1597379720,37.72,-25.43,69.8,83,75,1.12
53654,Mogadishu,SO,1597380087,2.04,45.34,77.0,69,75,19.46
1634614,Nabire,ID,1597380057,-3.37,135.48,81.12,81,76,1.72
2618795,Klaksvík,FO,1597379714,62.23,-6.59,51.8,93,82,4.7
935215,Saint-Philippe,RE,1597379676,-21.36,55.77,73.0,53,20,6.93
1735106,George Town,MY,1597379815,5.41,100.34,86.0,70,20,4.7
3386213,Touros,BR,1597379671,-5.2,-35.46,69.8,100,40,3.36
3429732,Puerto Rico,AR,1597380088,-26.8,-55.02,53.26,98,28,1.19
2026696,Bikin,RU,1597380088,46.82,134.26,62.71,94,100,12.44
1916249,Jinxiang,CN,1597380088,22.86,115.7,87.76,65,4,7.72
2021093,Kuytun,RU,1597380088,54.34,101.5,68.63,68,83,7.0
2171099,Codrington,AU,1597380087,-38.27,141.97,61.11,70,1,10.16
2542997,Marrakesh,MA,1597380088,31.63,-8.01,68.0,72,20,8.05
1270127,Harbatpur,IN,1597380088,30.45,77.73,82.4,83,75,1.5
3374210,São Filipe,CV,1597379652,14.9,-24.5,76.91,87,16,6.82
2065594,Mount Isa,AU,1597380089,-20.73,139.5,89.6,25,75,17.22
1855540,Naze,JP,1597380089,28.37,129.48,89.6,75,40,8.05
4566022,Loíza,PR,1597380089,18.43,-65.88,82.4,88,20,9.17
2721259,Boo,SE,1597380089,59.33,18.28,64.4,93,88,4.7
2063036,Port Lincoln,AU,1597379721,-34.73,135.87,60.78,67,19,14.52
461699,Sasovo,RU,1597380090,54.35,41.92,50.81,87,100,15.99
1852357,Shimoda,JP,1597379709,34.67,138.95,87.8,74,40,10.29
2074865,Carnarvon,AU,1597380041,-24.87,113.63,71.6,33,0,5.82
2179825,Waitati,NZ,1597380090,-45.75,170.57,45.0,64,3,7.0
505599,Pravdinsk,RU,1597380090,54.44,21.02,62.01,100,1,4.47
2262917,Sines Municipality,PT,1597380090,37.96,-8.87,60.01,92,0,1.01
3372707,Ribeira Grande,PT,1597379675,38.52,-28.7,71.1,76,9,6.31
1280037,Shache,CN,1597379655,38.42,77.24,84.7,16,73,6.06
1267776,Kargil,IN,1597380091,34.57,76.1,65.84,28,0,2.8
934649,Cap Malheureux,MU,1597380091,-19.98,57.61,73.0,71,17,5.99
1730353,Apitong,PH,1597380091,13.24,121.21,87.01,75,72,3.0
2995468,Arrondissement de Marseille,FR,1597380091,43.33,5.5,73.99,88,40,3.36
2027806,Amazar,RU,1597380092,53.86,120.88,71.33,58,100,2.66
3404558,Cabedelo,BR,1597380092,-6.98,-34.83,69.8,100,20,3.36
3649408,Altagracia de Orituco,VE,1597380092,9.86,-66.38,71.53,94,59,3.69
1128239,Rūdbār,AF,1597380092,30.15,62.6,93.27,15,21,9.62
1507390,Dikson,RU,1597379654,73.51,80.55,46.62,86,25,6.82
361055,Ismailia,EG,1597380092,30.6,32.27,75.22,80,0,5.66
2152659,Port Macquarie,AU,1597379448,-31.43,152.92,70.0,71,33,9.51
4134716,Van Buren,US,1597380093,35.44,-94.35,80.6,83,1,4.7
935214,Saint-Pierre,RE,1597379688,-21.34,55.48,73.0,53,20,6.93
3671497,Puerto Colombia,CO,1597380093,10.99,-74.95,82.4,88,96,3.36
2012593,Zeya,RU,1597380093,53.75,127.27,68.77,81,100,6.8
1814093,Dali,CN,1597380093,25.7,100.18,67.57,84,100,3.42
3515026,Tunkas,MX,1597380093,20.9,-88.75,74.75,94,87,3.4
1528998,Yumen,CN,1597380093,40.28,97.2,87.31,15,19,8.34
3841500,Pérez,AR,1597380094,-33.0,-60.77,52.0,51,0,4.94
1244926,Hambantota,LK,1597380094,6.12,81.12,84.2,79,40,11.41
2019323,Nerchinskiy Zavod,RU,1597380094,51.31,119.61,60.94,85,99,4.36
1490256,Talnakh,RU,1597380094,69.49,88.4,75.2,47,29,20.13
1735106,George Town,MY,1597379651,5.41,100.34,86.0,70,20,4.7
2090021,Namatanai,PG,1597380053,-3.67,152.43,82.76,76,94,5.79
131962,Harsīn,IR,1597380094,34.27,47.59,78.8,16,0,3.67
5282297,Bethel,US,1597380041,41.37,-73.41,70.0,94,1,2.1
3456285,Niquelândia,BR,1597380095,-14.47,-48.46,69.01,49,0,5.7
3697441,El Alto,PE,1597380095,-4.27,-81.21,62.28,89,93,15.5
2121025,Srednekolymsk,RU,1597379673,67.45,153.68,45.41,85,100,17.58
1489822,Tegul'det,RU,1597380095,57.31,88.17,76.5,50,5,4.38
2316748,Bolobo,CD,1597380096,-2.17,16.23,73.78,78,78,3.18
211734,Lisala,CD,1597380096,2.15,21.52,71.19,96,89,1.61
3520994,Puerto Escondido,MX,1597380038,15.85,-97.07,80.56,75,69,5.48
5367788,Lompoc,US,1597379437,34.64,-120.46,73.4,72,1,7.83
2123814,Leningradskiy,RU,1597380069,69.38,178.42,57.13,58,69,10.2
1710519,Isabela,PH,1597380096,6.71,121.97,85.93,64,10,3.56
3466704,Castro,BR,1597379661,-24.79,-50.01,61.56,78,57,3.42
6167817,Torbay,CA,1597380096,47.67,-52.73,69.01,100,90,12.75
1083724,Ambanja,MG,1597380097,-13.68,48.45,76.66,48,1,1.07
2013465,Verkhoyansk,RU,1597380097,67.54,133.38,47.23,61,100,10.13
1259184,Puri,IN,1597380097,19.8,85.85,86.0,84,40,6.93
1153035,Kathu,TH,1597380097,7.92,98.33,84.2,83,75,5.82
366444,Tambura,SS,1597380097,5.6,27.47,69.13,97,61,2.28
57000,Hobyo,SO,1597380097,5.35,48.53,77.61,72,84,26.93
4031574,Provideniya,RU,1597380067,64.38,-173.3,53.6,71,75,20.13
1059507,Marovoay,MG,1597380098,-16.1,46.63,62.6,77,20,4.5
933995,Souillac,MU,1597379632,-20.52,57.52,69.8,83,40,5.82
2155415,New Norfolk,AU,1597379503,-42.78,147.06,61.0,85,93,3.0
3899695,Ancud,CL,1597379609,-41.87,-73.82,43.0,80,38,10.29
608036,Temir,KZ,1597380098,49.14,57.13,72.28,57,83,17.38
1801722,Lüshunkou,CN,1597380098,38.8,121.27,87.8,66,15,8.95
2169535,Dalby,AU,1597380099,-27.18,151.27,84.2,23,40,12.75
3932145,Pisco,PE,1597380099,-13.7,-76.22,59.0,82,0,3.36
2027296,Aykhal,RU,1597379560,66.0,111.5,48.2,57,75,6.71
3693584,Pimentel,PE,1597380099,-6.84,-79.93,61.03,89,89,12.48
258241,Lithakia,GR,1597380100,37.72,20.83,73.4,78,20,2.24
2094342,Kavieng,PG,1597379688,-2.57,150.8,82.6,72,98,4.18
1262824,Mon,IN,1597380100,26.75,95.1,76.55,94,100,1.07
5546220,Saint George,US,1597380021,37.1,-113.58,93.2,17,1,5.82
2077895,Alice Springs,AU,1597380040,-23.7,133.88,71.6,24,0,4.7
3450083,Santa Maria,BR,1597380100,-29.68,-53.81,55.29,95,40,4.61
2172797,Cairns,AU,1597379941,-16.92,145.77,82.4,51,40,10.29
155334,Magole,TZ,1597380100,-6.37,37.37,69.73,63,50,1.25
160677,Chake Chake,TZ,1597380101,-5.25,39.77,76.6,70,11,8.72
3185897,Cërrik,AL,1597380101,41.03,19.98,68.0,94,0,1.12
245338,Am Timan,TD,1597380101,11.03,20.28,71.08,98,80,4.59
777019,Vardø,NO,1597379715,70.37,31.11,50.0,81,40,2.24
2180815,Tuatapere,NZ,1597379716,-46.13,167.68,48.99,61,0,1.99
5991056,Kenora,CA,1597379657,49.82,-94.43,73.4,83,90,5.82
1299237,Pyapon,MM,1597380101,16.28,95.68,80.35,83,100,10.07
2630299,Hofn,IS,1597379688,64.25,-15.21,54.36,74,79,6.22
3671450,Inírida,CO,1597380102,3.87,-67.92,75.0,90,100,1.57
1282256,Hithadhoo,MV,1597380102,-0.6,73.08,83.03,68,20,3.18
2336589,Jalingo,NG,1597380048,8.88,11.37,72.97,92,100,5.35
1337607,Kudahuvadhoo,MV,1597380102,2.67,72.89,83.68,63,12,6.53
4984075,Alpena,US,1597380102,45.06,-83.43,63.0,93,1,5.97
1028434,Quelimane,MZ,1597379692,-17.88,36.89,69.55,80,6,2.66
3402648,Carutapera,BR,1597380103,-1.2,-46.02,76.21,85,0,5.97
3430443,Necochea,AR,1597379689,-38.55,-58.74,39.99,91,20,1.99
2644122,Llandrindod Wells,GB,1597380103,52.24,-3.38,64.0,89,100,4.83
2514651,Los Llanos de Aridane,ES,1597379703,28.66,-17.92,73.4,73,75,13.87
3893726,Constitución,CL,1597380103,-35.33,-72.42,49.21,81,69,3.49
5308655,Phoenix,US,1597379357,33.45,-112.07,102.99,21,75,6.93
1503153,Klyuchi,RU,1597380103,52.27,79.17,63.84,75,100,9.62
333356,Kemisē,ET,1597380103,10.72,39.87,74.21,60,87,3.91
3391889,Pitimbu,BR,1597380104,-7.47,-34.81,69.8,100,20,3.36
2654970,Brae,GB,1597380104,60.4,-1.35,53.87,89,55,7.74
3654410,Manta,EC,1597380104,-0.95,-80.73,71.6,83,40,10.29
1082243,Ambilobe,MG,1597379703,-13.2,49.05,77.34,54,13,1.63
1498283,Mugur-Aksy,RU,1597380104,50.35,90.5,59.34,43,98,3.94
2027042,Batagay-Alyta,RU,1597380064,67.8,130.41,39.99,89,100,3.56
1260880,Pahlgām,IN,1597380105,34.03,75.33,72.82,53,12,5.99
1507379,Divnogorsk,RU,1597380105,55.96,92.36,73.4,60,98,4.47
69559,Yarim,YE,1597380105,14.3,44.38,66.43,43,93,1.74
2925080,Gezing,AT,1597380105,47.92,13.13,64.99,100,20,5.82
490108,Sotnikovskoye,RU,1597380105,45.0,43.78,72.03,49,17,7.43
2121385,Severo-Kuril'sk,RU,1597379654,50.68,156.12,54.07,73,100,6.76
293842,Kiryat Gat,IL,1597379640,31.61,34.76,78.01,41,0,5.46
1580240,Hue,VN,1597380038,16.47,107.6,87.8,66,75,2.24
4499379,Wilmington,US,1597379907,34.23,-77.94,77.0,88,1,4.74
174448,Abu Kamal,SY,1597380106,34.45,40.92,84.63,36,0,17.07
2142316,Yeppoon,AU,1597380056,-23.13,150.73,82.4,48,3,8.05
98182,Baghdad,IQ,1597380106,33.34,44.4,87.8,27,0,14.99
145034,Abhar,IR,1597380060,36.15,49.22,67.01,42,0,8.28
6533368,Moranbah,AU,1597380089,-22.0,148.05,84.54,23,0,9.44
6096551,Pangnirtung,CA,1597380106,66.15,-65.71,44.29,74,40,7.27
2629833,Husavik,IS,1597380106,66.04,-17.34,48.2,61,13,13.87
3662762,Porto Velho,BR,1597380061,-8.76,-63.9,78.8,83,46,2.91
5914132,Campbell River,CA,1597380107,50.02,-125.24,62.01,67,75,0.72
4033557,Tautira,PF,1597379690,-17.73,-149.15,80.6,74,20,2.24
4231997,Avera,US,1597379718,33.19,-82.53,75.99,80,75,3.36
964420,Port Elizabeth,ZA,1597379651,-33.92,25.57,48.2,87,0,5.82
188080,Makueni Boma,KE,1597380107,-1.8,37.62,63.37,76,98,0.78
3414079,Olafsvik,IS,1597379677,64.89,-23.71,48.2,78,0,15.99
2132606,Samarai,PG,1597379700,-10.62,150.67,77.68,79,41,14.97
359792,Aswān,EG,1597379668,24.09,32.91,87.46,23,59,10.49
3981391,Tomatlán,MX,1597379675,19.93,-105.25,76.5,88,100,1.59
2119626,Yagodnoye,RU,1597380108,62.55,149.67,54.27,66,94,3.87
2126710,Beringovskiy,RU,1597379707,63.05,179.32,58.64,58,90,8.3
6089245,Norman Wells,CA,1597380084,65.28,-126.83,60.8,82,75,11.41
3934707,Mollendo,PE,1597380108,-17.02,-72.01,56.8,78,93,7.02
2122493,Omsukchan,RU,1597380108,62.53,155.8,57.72,60,95,11.74
2018735,Nyurba,RU,1597380108,63.28,118.33,54.75,50,66,9.17
3147441,Lindås,NO,1597380109,60.74,5.16,62.01,97,67,1.01
6062069,Lunenburg,CA,1597380109,44.38,-64.32,69.01,72,98,5.61
3440777,Rocha,UY,1597379698,-34.48,-54.33,42.67,78,0,5.46
86049,Jalu,LY,1597380109,29.03,21.55,76.08,51,0,6.29
5288261,Camp Verde,US,1597380109,34.56,-111.85,86.0,22,1,9.17
5859699,College,US,1597380109,64.86,-147.8,66.2,48,75,3.36
1488903,Turukhansk,RU,1597380110,65.82,87.98,78.37,51,38,14.63
2028028,Aksha,RU,1597380110,50.28,113.29,70.02,57,75,9.08
3383434,Nieuw Amsterdam,SR,1597380110,5.88,-55.08,80.01,92,27,4.0
1796669,Sanmenxia,CN,1597380110,34.77,111.18,80.02,69,54,7.34
3461499,Igarapava,BR,1597380110,-20.04,-47.75,69.51,52,0,5.73
5915327,Cap-aux-Meules,CA,1597380111,47.38,-61.86,68.58,76,93,8.03
3420846,Qaqortoq,GL,1597379672,60.72,-46.03,46.4,93,100,4.7
3407378,Aracati,BR,1597380111,-4.56,-37.77,75.36,75,68,11.92
3980683,Valentín Gómez Farías,MX,1597380111,28.22,-106.58,71.37,31,0,3.36
3392126,Pilar,BR,1597380111,-9.6,-35.96,66.2,100,21,2.24
5969025,Haines Junction,CA,1597380111,60.75,-137.51,48.22,76,99,3.33
2032201,Bulgan,MN,1597379699,48.81,103.53,68.76,55,37,4.36
55671,Kismayo,SO,1597380112,-0.36,42.55,77.45,75,99,15.28
186315,Molo,KE,1597380112,-0.25,35.74,55.0,89,97,1.28
3361934,Saldanha,ZA,1597380112,-33.01,17.94,42.8,87,0,1.12
2239862,Malanje,AO,1597380112,-9.54,16.34,56.34,97,9,2.48
2439155,Tanout,NE,1597380112,14.97,8.89,78.04,75,59,8.08
1278935,Amalāpuram,IN,1597380112,16.58,82.02,78.8,88,90,17.22
1067565,Beloha,MG,1597379676,-25.17,45.05,63.99,77,31,5.46
2036113,Liaoyang,CN,1597380113,41.27,123.17,87.8,70,20,15.66
1506676,Gari,RU,1597380113,59.43,62.35,58.66,53,25,2.93
5110365,Broome,US,1597379698,42.25,-75.83,66.0,100,34,2.75
3665199,Ariquemes,BR,1597380113,-9.91,-63.04,79.21,50,51,2.04
4297983,Lexington,US,1597379950,37.99,-84.48,77.0,78,1,5.82
107304,Buraidah,SA,1597379678,26.33,43.98,77.0,41,38,4.7
2409914,Bonthe,SL,1597379674,7.53,-12.51,73.72,79,19,2.01
1651810,Airai,TL,1597379650,-8.93,125.41,77.32,46,83,3.33
3448257,São Sebastião,BR,1597380114,-23.76,-45.41,70.45,73,0,4.07
5882953,Aklavik,CA,1597379609,68.22,-135.01,55.4,71,75,6.93
1514792,Gazojak,TM,1597380114,41.19,61.4,89.19,12,2,9.44
5746545,Portland,US,1597379386,45.52,-122.68,70.0,43,1,7.65
3531368,Celestún,MX,1597380114,20.87,-90.4,79.63,85,68,10.76
3893629,Coquimbo,CL,1597379697,-29.95,-71.34,50.0,87,8,2.24
3403687,Camocim,BR,1597380114,-2.9,-40.84,75.63,86,29,13.87
1485997,Yeniseysk,RU,1597380115,58.45,92.17,78.19,46,100,7.25
2255564,Ouésso,CG,1597380115,1.61,16.05,69.82,95,32,2.15
3372760,Praia da Vitória,PT,1597379708,38.73,-27.07,68.0,94,20,4.34
286621,Salalah,OM,1597380046,17.02,54.09,77.0,100,75,9.17
5364271,Laguna,US,1597379665,38.42,-121.42,89.6,25,1,9.17
1242110,Kalmunai,LK,1597380115,7.42,81.82,86.95,54,88,4.47
778707,Mehamn,NO,1597379720,71.04,27.85,51.8,81,75,6.93
477656,Uva,RU,1597380115,56.99,52.19,53.01,83,100,4.0
3175788,Oga,IT,1597380116,46.46,10.35,53.6,100,75,1.12
6171633,Ucluelet,CA,1597379923,48.93,-125.55,55.26,88,0,4.5
3577911,Dovers,VC,1597380116,12.88,-61.18,82.45,77,41,17.13
3188763,Trogir,HR,1597380116,43.51,16.25,73.99,69,12,5.82
3671387,Puerto Nariño,CO,1597380116,-3.77,-70.38,77.0,100,40,1.25
1510689,Baykit,RU,1597380116,61.67,96.37,70.93,45,50,9.62
1170706,Mastung,PK,1597380117,29.8,66.84,88.14,19,0,2.46
1179496,Dullewala,PK,1597380117,31.84,71.44,92.08,57,79,14.43
3418910,Upernavik,GL,1597379664,72.79,-56.15,40.51,86,100,7.63
3860259,Córdoba,AR,1597380101,-31.41,-64.18,53.01,45,0,12.75
780687,Berlevåg,NO,1597379691,70.86,29.09,51.8,81,75,6.93
1688696,San Policarpo,PH,1597380117,12.18,125.51,83.61,77,100,2.15
3405215,Bonfim,BR,1597380118,3.08,-59.95,76.3,83,17,2.84
1855612,Nara,JP,1597380118,34.69,135.8,98.01,56,75,12.75
2123614,Makarov,RU,1597380118,48.63,142.8,66.61,65,98,10.74
2304548,Anloga,GH,1597379656,5.79,0.9,73.4,94,20,11.41
2071860,Esperance,AU,1597379671,-33.87,121.9,59.0,77,40,11.41
1516589,Zhezkazgan,KZ,1597380088,47.8,67.71,68.0,60,75,8.95
2122090,Pevek,RU,1597379681,69.7,170.31,41.09,85,90,7.31
2068110,Kununurra,AU,1597380099,-15.77,128.73,91.4,22,48,8.05
6050066,La Ronge,CA,1597379709,55.1,-105.28,59.0,62,5,6.93
2174444,Bowen,AU,1597380119,-20.02,148.23,84.2,45,40,10.29
1637001,Luwuk,ID,1597380119,-0.95,122.79,85.68,52,73,6.76
1062553,Mahanoro,MG,1597380119,-19.9,48.8,66.85,73,5,3.74
557340,Ilek,RU,1597380119,51.53,53.38,68.2,63,76,12.06
4033077,Vaitape,PF,1597380119,-16.52,-151.75,79.27,81,7,17.29
101312,Turaif,SA,1597380062,31.67,38.66,75.2,50,0,12.75
2191562,Dunedin,NZ,1597379548,-45.87,170.5,45.0,63,2,8.01
2079582,Alyangula,AU,1597379711,-13.85,136.42,87.8,48,40,9.17
64013,Bosaso,SO,1597380119,11.28,49.18,93.2,41,20,39.15
3693468,Pomabamba,PE,1597380120,-8.83,-77.47,50.5,76,69,3.02
7117100,Vila,PT,1597380120,42.03,-8.16,54.0,92,0,1.01
2655288,Boddam,GB,1597380120,57.47,-1.78,54.0,93,90,4.7
1215498,Bandar,ID,1597380120,2.05,99.75,91.36,47,67,3.24
3123493,Ferrol,ES,1597380120,43.48,-8.24,61.0,100,40,2.24
5354943,Half Moon Bay,US,1597379714,37.46,-122.43,82.4,87,40,4.56
6111867,Port Hawkesbury,CA,1597380118,45.62,-61.35,64.0,100,1,3.02
2019135,Nizhniy Kuranakh,RU,1597380120,58.84,125.49,60.85,44,98,10.76
3374083,Bathsheba,BB,1597379695,13.22,-59.52,82.4,69,20,17.22
3151288,Hvittingfoss,NO,1597380121,59.48,10.02,55.99,88,0,2.98
921900,Dzaoudzi,YT,1597380121,-12.79,45.27,77.0,65,0,17.22
3407903,Almeirim,BR,1597380121,-1.52,-52.58,77.29,74,45,6.67
368246,Raja,SS,1597380121,8.46,25.68,69.76,93,6,2.28
5807212,Port Angeles,US,1597380121,48.12,-123.43,55.4,76,1,5.82
3203982,Bjelovar,HR,1597380121,45.9,16.85,66.2,93,32,3.85
2030065,Mandalgovi,MN,1597379699,45.76,106.27,74.19,36,0,4.54
3894426,Coyhaique,CL,1597380121,-45.58,-72.07,30.2,86,22,2.24
3573374,The Valley,AI,1597379691,18.22,-63.06,84.2,74,40,9.17
699413,Novomykolayivka,UA,1597380122,47.98,35.91,61.0,76,63,6.71
108410,Riyadh,SA,1597379568,24.69,46.72,86.0,25,70,5.82
3456248,Nortelândia,BR,1597380122,-14.45,-56.8,75.06,40,0,4.43
155405,Mafinga,TZ,1597380122,-7.25,35.07,64.49,67,24,2.17
3445026,Vila Velha,BR,1597379680,-20.33,-40.29,71.6,78,0,6.93
95446,Erbil,IQ,1597380122,36.19,44.01,82.4,28,0,3.36
4172086,Sanford,US,1597380123,28.8,-81.27,78.8,83,1,4.7
5554428,Ketchikan,US,1597379672,55.34,-131.65,53.6,100,90,9.17
3148133,Larsnes,NO,1597380123,62.2,5.58,57.2,93,90,8.05
3133472,Hellvik,NO,1597380123,59.92,5.78,64.0,89,75,2.55
656820,Iisalmi,FI,1597380123,63.56,27.19,57.2,76,100,5.82
454310,Ventspils,LV,1597380123,57.39,21.56,50.0,100,100,3.76
675223,Jimbolia,RO,1597380123,45.79,20.72,72.0,82,27,9.17
2216432,Jadu,LY,1597380123,31.95,12.03,68.63,51,0,9.53
2193733,Auckland,NZ,1597380123,-36.87,174.77,57.0,62,100,11.41
2028164,Deputatsky,RU,1597380124,69.3,139.9,38.53,80,99,8.7
3347019,Mossamedes,AO,1597380101,-15.2,12.15,59.97,85,0,2.28
352628,Maţāy,EG,1597379699,28.42,30.78,77.14,68,0,13.62
2610343,Vestmanna,FO,1597380077,62.16,-7.17,51.8,93,85,4.7
6166142,Thunder Bay,CA,1597379476,48.4,-89.32,66.99,93,75,3.36
5847411,Kahului,US,1597379640,20.89,-156.47,84.2,58,40,20.8
2635412,Truro,GB,1597380124,50.27,-5.05,64.99,100,90,5.82
3698359,Chicama,PE,1597379661,-7.84,-79.15,59.99,87,93,6.73
5809902,Sedro-Woolley,US,1597379988,48.5,-122.24,57.2,71,1,3.53
2361373,Diapaga,BF,1597380124,12.07,1.79,73.29,93,100,5.68
3672086,Pizarro,CO,1597380125,4.95,-77.37,77.54,90,100,9.26
610529,Atyrau,KZ,1597380125,47.12,51.88,69.8,83,9,11.18
3394023,Natal,BR,1597380042,-5.79,-35.21,69.8,100,40,3.36
4891382,Evanston,US,1597380029,42.04,-87.69,75.2,73,1,5.82
2166368,Forbes,AU,1597380125,-33.38,148.02,54.0,80,100,1.99
1272061,Ellenabad,IN,1597380125,29.45,74.65,92.03,57,2,9.15
157045,Kirya,TZ,1597380126,-3.92,37.48,67.35,67,87,8.3
3421193,Paamiut,GL,1597379683,61.99,-49.67,42.49,82,0,18.32
2413419,Gunjur,GM,1597380126,13.2,-16.73,77.0,88,40,5.82
60019,Eyl,SO,1597379722,7.98,49.82,81.52,50,75,27.18
3140056,Sauda,NO,1597380126,59.65,6.35,64.0,99,34,1.86
4840035,Old Saybrook,US,1597380096,41.29,-72.38,71.01,94,1,5.73
1734705,Kuala Terengganu,MY,1597380126,5.33,103.14,78.8,94,40,1.12
1276731,Bāsudebpur,IN,1597380126,21.14,86.74,90.77,65,97,9.26
2126785,Belaya Gora,RU,1597380127,68.53,146.42,47.77,60,97,14.41
1283334,Birin,NP,1597380127,26.89,88.07,76.26,75,100,5.57
328709,Shambu,ET,1597380127,9.57,37.1,55.71,100,92,0.18
3665210,Rodrigues Alves,BR,1597380127,-7.74,-72.65,76.1,72,70,1.88
988290,Komatipoort,ZA,1597380127,-25.43,31.95,59.0,77,16,1.12
3347939,Lobito,AO,1597380127,-12.35,13.55,67.86,89,10,0.72
5911440,Burgeo,CA,1597380127,47.62,-57.62,64.83,71,99,5.88
2016307,Solnechnyy,RU,1597380128,50.72,136.63,71.76,63,100,6.93
1517323,Zhanakorgan,KZ,1597380128,43.91,67.25,87.31,19,0,10.11
4004293,Ixtapa,MX,1597380062,20.7,-105.2,79.0,94,90,2.24
2381972,Adrar,MR,1597379673,20.5,-10.07,91.22,38,53,5.82
3704029,Mulatupo,PA,1597380128,8.95,-77.77,78.49,87,100,7.72
686090,Asău,RO,1597380128,46.43,26.4,60.01,80,0,1.97
1163054,Turbat,PK,1597380128,26.0,63.04,87.3,66,85,3.13
1252948,Warangal,IN,1597379954,18.0,79.58,72.63,93,100,14.5
695082,Ruzhyn,UA,1597380128,49.72,29.2,55.0,76,62,6.31
2208248,Kaitangata,NZ,1597380092,-46.28,169.85,48.99,52,42,7.0
3834601,Tartagal,AR,1597380129,-22.52,-63.8,51.3,46,0,2.77
1488933,Turinsk,RU,1597380129,58.05,63.7,58.12,58,16,4.32
1510998,Balakhta,RU,1597380129,55.38,91.6,69.33,68,66,3.58
698740,Odesa,UA,1597380129,46.48,30.73,62.01,67,0,2.24
2521570,Arrecife,ES,1597380129,28.96,-13.55,71.6,73,75,12.75
290030,Doha,QA,1597379541,25.29,51.53,98.6,30,12,5.82
584991,Şuraabad,AZ,1597380129,40.82,49.47,78.8,74,40,23.04
2414659,Tokonou,GN,1597380129,9.65,-9.78,66.02,99,43,2.89
5955826,Fort Frances,CA,1597380130,48.6,-93.4,72.0,83,75,10.29
2701713,Karlskrona,SE,1597380130,56.16,15.59,51.8,100,19,4.7
3843123,Neuquén,AR,1597379965,-38.95,-68.06,51.8,40,100,14.99
1174872,Karachi,PK,1597380005,24.91,67.08,89.6,66,20,11.41
3204161,Bileća,BA,1597380130,42.87,18.43,73.4,73,0,8.05
6180550,Whitehorse,CA,1597380038,60.72,-135.05,51.8,71,75,2.24
4018582,Ameca,MX,1597380130,20.55,-104.03,66.0,90,100,3.0
10722858,Forsytheganj,BY,1597380130,52.63,29.73,52.81,76,0,4.65
1261871,Naraini,IN,1597380130,25.18,80.48,89.71,64,27,4.72
5850554,Makakilo City,US,1597380131,21.35,-158.09,84.2,51,1,6.93
128747,Karaj,IR,1597380131,35.84,51.01,82.4,52,0,26.4
343134,Āwash,ET,1597380131,8.98,40.17,78.49,59,90,5.41
1729564,Bacolod City,PH,1597380087,10.67,122.95,85.17,69,49,5.84
3421765,Nanortalik,GL,1597379669,60.14,-45.24,44.65,87,100,5.1
6620339,Karratha,AU,1597379683,-20.74,116.85,76.8,25,0,14.61
6690296,Saint-Joseph,RE,1597379700,-21.37,55.62,73.0,53,20,6.93
2037311,Gannan,CN,1597380132,47.91,123.5,66.09,76,100,12.68
2026861,Berdigestyakh,RU,1597380132,62.1,126.7,61.5,36,0,6.4
218680,Boende,CD,1597380132,-0.22,20.87,72.68,94,86,2.77
148251,Julfa,AZ,1597380132,38.96,45.63,73.4,49,90,4.7
608324,Shetpe,KZ,1597380132,44.17,52.12,77.67,41,20,7.02
2338660,Yaan,NG,1597380132,7.38,8.57,72.41,88,100,7.05
187896,Mandera,KE,1597379702,3.94,41.87,79.05,46,83,19.04
2176639,Batemans Bay,AU,1597380132,-35.72,150.18,63.0,79,100,5.01
4616470,Crossville,US,1597380133,35.95,-85.03,70.0,94,40,2.01
338345,Edd,ER,1597380133,13.93,41.69,92.39,47,73,1.99
3141310,Rørvik,NO,1597380133,64.86,11.24,55.4,100,75,5.82
281133,Gaza,PS,1597380133,31.5,34.47,78.01,41,0,1.01
3403611,Campo Alegre,BR,1597380133,-9.78,-36.35,66.2,100,49,2.24
2098329,Daru,PG,1597380133,-9.08,143.21,78.58,84,98,14.83
2738381,Lata,PT,1597379706,40.16,-8.33,63.0,96,7,2.62
3385670,Urucará,BR,1597379690,-2.54,-57.76,77.7,64,74,3.06
321031,Bismil,TR,1597380134,37.85,40.67,80.6,49,0,2.24
4036284,Alofi,NU,1597379721,-19.06,-169.92,78.8,83,9,9.17
1786060,Yuanping,CN,1597380134,38.72,112.76,83.05,44,100,3.24
779554,Honningsvåg,NO,1597380134,70.98,25.97,53.6,87,75,3.22
1489209,Troitskoye,RU,1597380134,52.98,84.68,72.61,57,33,9.33
3347353,Menongue,AO,1597380083,-14.66,17.69,50.79,43,0,4.0
2194098,Ahipara,NZ,1597380099,-35.17,173.17,56.41,80,15,6.64
2020888,Lazo,RU,1597380134,43.38,133.9,69.62,85,100,2.66
2331140,Makurdi,NG,1597380134,7.74,8.51,72.48,94,100,4.99
1519938,Karatau,KZ,1597380135,43.17,70.47,81.34,21,0,6.11
583683,Aksarayskiy,RU,1597380135,46.79,48.01,69.01,60,0,6.71
5660340,Kalispell,US,1597380135,48.2,-114.31,59.0,41,1,5.82
2639912,Preston,GB,1597380110,53.77,-2.72,62.01,89,69,5.08
668431,Rusăneşti,RO,1597380135,43.93,24.6,62.6,82,5,1.95
1529102,Ürümqi,CN,1597380135,43.8,87.6,71.6,56,100,13.42
2158767,Mareeba,AU,1597380135,-17.0,145.43,82.4,51,40,10.29
1568574,Qui Nhon,VN,1597380136,13.77,109.23,88.59,58,100,7.23
498856,Sandovo,RU,1597380136,58.46,36.41,51.89,76,10,5.08
3671337,Puerto Rondón,CO,1597380136,6.28,-71.1,74.73,95,100,4.59
2101169,Aitape,PG,1597380048,-3.14,142.35,78.42,91,100,7.07
3422683,Kangaatsiaq,GL,1597380136,68.31,-53.46,42.64,84,100,8.75
3083611,Gmina Szubin,PL,1597380136,53.01,17.74,62.01,77,0,4.7
3125287,Cervo,ES,1597380136,43.67,-7.41,48.99,100,58,4.18
6067472,Marystown,CA,1597380136,47.17,-55.15,66.69,96,100,6.69
3840092,Puerto Madryn,AR,1597380137,-42.77,-65.04,48.81,65,100,6.96
1267433,Kattivākkam,IN,1597380137,13.22,80.32,84.2,70,90,8.05
665469,Tăşnad,RO,1597380137,47.48,22.58,61.0,93,25,4.0
1684803,Tabuk,PH,1597380137,17.42,121.44,87.71,64,58,3.83
5942913,Dryden,CA,1597380137,49.78,-92.75,73.4,78,90,3.78
5162137,Maumee,US,1597380137,41.56,-83.65,71.6,64,1,4.7
5072006,Lincoln,US,1597380067,40.8,-96.67,78.8,78,1,8.05
3928128,Tacna,PE,1597380138,-18.01,-70.25,60.8,72,90,6.93
214614,Kamina,CD,1597379710,-8.74,24.99,60.3,31,36,5.41
1213855,Sibolga,ID,1597380138,1.74,98.78,85.68,58,82,5.35
2120591,Tilichiki,RU,1597380138,60.47,166.1,53.76,80,99,16.26
2525362,Carbonia,IT,1597380138,39.17,8.52,80.01,94,2,8.05
2396853,Omboué,GA,1597380138,-1.57,9.26,73.45,88,100,9.01
486186,Suoyarvi,RU,1597380139,62.08,32.35,55.29,79,64,4.41
3359638,Walvis Bay,NA,1597379692,-22.96,14.51,53.01,93,0,4.7
2145554,Ulladulla,AU,1597380139,-35.35,150.47,66.2,55,100,5.82
2521088,Benidorm,ES,1597380139,38.54,-0.13,77.0,68,0,5.84
3357247,Gobabis,NA,1597380139,-22.45,18.97,52.21,33,0,12.53
3380290,Sinnamary,GF,1597380139,5.38,-52.95,78.78,87,10,12.73
1056899,Sambava,MG,1597380094,-14.27,50.17,70.81,82,84,12.19
493795,Shonguy,RU,1597380139,68.75,33.15,46.4,93,100,2.24
1797318,Qujing,CN,1597380139,25.48,103.78,73.17,69,100,9.66
5526337,Midland,US,1597380140,32.0,-102.08,91.4,25,7,9.17
5861897,Fairbanks,US,1597379645,64.84,-147.72,62.6,63,40,2.71
1563281,Tuy Hoa,VN,1597379701,13.08,109.3,90.93,55,100,3.58
5864145,Homer,US,1597380140,59.64,-151.55,57.2,82,1,13.87
4074277,Madison,US,1597380013,34.73,-86.57,79.0,83,40,2.91
